{"val/loss":0.02056734636425972,"val/recons_loss":0.02056734636425972,"train/recons_loss":0.023040713742375374,"x vs x_rec (val)":{"path":"media/images/x vs x_rec (val)_7407_9559a633596d384d50f9.png","format":"png","width":600,"height":300,"_type":"image-file","sha256":"9559a633596d384d50f91efa53fb9c669763420fdfbf906fc435495df0f4bf88","size":24730},"epoch":1210,"train/loss":0.023312751203775406,"_wandb":{"runtime":825},"train/vq_loss":0.00027203711215406656,"_timestamp":1.7431230576159961e+09,"trainer/global_step":3631,"_runtime":824.596016438,"val/perplexity":9.908695220947266,"train/perplexity":7.493497848510742,"_step":7408,"lr-AdamW":0.004998673840986874,"val/vq_loss":0}