{"val/vq_loss":0,"train/vq_loss":0.00090506870765239,"_step":1190,"epoch":194,"train/loss":0.014165269210934639,"val/recons_loss":0.010961395688354969,"train/perplexity":8.57959270477295,"val/perplexity":7.638060569763184,"train/recons_loss":0.01326020061969757,"val/loss":0.010961395688354969,"x vs x_rec (val)":{"format":"png","width":600,"height":300,"_type":"image-file","sha256":"365a86739743f33bd78dee49410c0dc6f76e328032567684b7553729b20ef3eb","size":24033,"path":"media/images/x vs x_rec (val)_1189_365a86739743f33bd78d.png"},"_timestamp":1.743122163200372e+09,"_runtime":133.751525404,"_wandb":{"runtime":134},"trainer/global_step":583,"lr-AdamW":0.000915}