{"val/loss":0.02794254757463932,"train/vq_loss":0.0005008726147934794,"train/recons_loss":0.022581275552511215,"_wandb":{"runtime":1305},"_timestamp":1.7431244101608205e+09,"val/recons_loss":0.02794254757463932,"lr-AdamW":0.004972391780762468,"val/perplexity":8.626020431518555,"epoch":1901,"x vs x_rec (val)":{"size":25206,"path":"media/images/x vs x_rec (val)_11639_a8c3eb9c1a96c1dd1517.png","format":"png","width":600,"height":300,"_type":"image-file","sha256":"a8c3eb9c1a96c1dd1517c560f6a4c64c789f05c90d4bc5e3c6d41a5b629e73b4"},"val/vq_loss":0,"trainer/global_step":5705,"train/perplexity":5.970366954803467,"_runtime":1304.778842487,"_step":11640,"train/loss":0.023082148283720016}