{"train/vq_loss":0.004363648593425751,"val/recons_loss":0.011464012786746025,"train/recons_loss":0.0056825182400643826,"x vs x_rec (val)":{"format":"png","width":600,"height":300,"_type":"image-file","sha256":"33783930252125eb257833a7248b2994da6486c89ed7f4b1b621998f12c72247","size":22560,"path":"media/images/x vs x_rec (val)_3599_33783930252125eb2578.png"},"epoch":588,"_runtime":397.45038327,"trainer/global_step":1764,"val/perplexity":6.078442096710205,"val/loss":0.011464012786746025,"lr-AdamW":0.002915,"_step":3600,"train/perplexity":9.154930114746094,"val/vq_loss":0,"_wandb":{"runtime":397},"_timestamp":1.7431220084324803e+09,"train/loss":0.01004616729915142}