{"_timestamp":1.743121589522146e+09,"val/perplexity":8.705503463745117,"train/loss":0.0089789479970932,"x vs x_rec (val)":{"format":"png","width":600,"height":300,"_type":"image-file","sha256":"354b4553f26ae618b012c63d2e25397f0710a446e01b57a23e777ff015e421a0","size":24099,"path":"media/images/x vs x_rec (val)_7887_354b4553f26ae618b012.png"},"val/recons_loss":0.011354164220392704,"train/perplexity":7.993227958679199,"train/recons_loss":0.0074510956183075905,"trainer/global_step":3866,"_wandb":{"runtime":874},"_runtime":873.701366738,"epoch":1288,"_step":7888,"val/vq_loss":0,"train/vq_loss":0.0015278528444468975,"lr-AdamW":0.004997318225496978,"val/loss":0.011354164220392704}